{"v":"5.7.5","fr":100,"ip":0,"op":144,"w":200,"h":150,"nm":"Comp 1","ddd":0,"assets":[{"id":"1","layers":[{"ddd":0,"ind":1,"ty":4,"nm":"矩形 1","sr":1,"ks":{"o":{"a":0,"k":100,"ix":2},"r":{"a":0,"k":0,"ix":2},"p":{"a":0,"k":[10000,10000],"ix":2},"a":{"a":0,"k":[0,0],"ix":2},"s":{"a":0,"k":[100,100],"ix":2}},"ao":0,"hd":false,"shapes":[{"ty":"gr","hd":false,"it":[{"ty":"sh","hd":false,"d":1,"ks":{"a":1,"k":[{"t":0,"s":[{"c":false,"v":[[2.875,-31.75],[2.875,32.5],[-0.125,35.5],[-3.125,32.5],[-3.125,-31.75],[-0.125,-34.75],[2.875,-31.75]],"i":[[0,-1.657],[0,0],[1.657,0],[0,1.657],[0,0],[-1.657,0],[0,-1.657]],"o":[[0,0],[0,1.657],[-1.657,0],[0,0],[0,-1.657],[1.657,0],[0,0]]}],"i":{"x":[1],"y":[1]},"o":{"x":[0],"y":[0]}},{"t":24,"s":[{"c":false,"v":[[3,-2],[3,7.25],[0,10.25],[-3,7.25],[-3,-2],[0,-5],[3,-2]],"i":[[0,-1.657],[0,0],[1.657,0],[0,1.657],[0,0],[-1.657,0],[0,-1.657]],"o":[[0,0],[0,1.657],[-1.657,0],[0,0],[0,-1.657],[1.657,0],[0,0]]}],"i":{"x":[1],"y":[1]},"o":{"x":[0],"y":[0]}},{"t":48,"s":[{"c":false,"v":[[2.875,-29],[2.875,27.75],[-0.125,30.75],[-3.125,27.75],[-3.125,-29],[-0.125,-32],[2.875,-29]],"i":[[0,-1.657],[0,0],[1.657,0],[0,1.657],[0,0],[-1.657,0],[0,-1.657]],"o":[[0,0],[0,1.657],[-1.657,0],[0,0],[0,-1.657],[1.657,0],[0,0]]}],"i":{"x":[1],"y":[1]},"o":{"x":[0],"y":[0]}},{"t":72,"s":[{"c":false,"v":[[2.875,-8.25],[2.875,14.75],[-0.125,17.75],[-3.125,14.75],[-3.125,-8.25],[-0.125,-11.25],[2.875,-8.25]],"i":[[0,-1.657],[0,0],[1.657,0],[0,1.657],[0,0],[-1.657,0],[0,-1.657]],"o":[[0,0],[0,1.657],[-1.657,0],[0,0],[0,-1.657],[1.657,0],[0,0]]}],"i":{"x":[1],"y":[1]},"o":{"x":[0],"y":[0]}},{"t":96,"s":[{"c":false,"v":[[2.875,-31],[2.875,34.25],[-0.125,37.25],[-3.125,34.25],[-3.125,-31],[-0.125,-34],[2.875,-31]],"i":[[0,-1.657],[0,0],[1.657,0],[0,1.657],[0,0],[-1.657,0],[0,-1.657]],"o":[[0,0],[0,1.657],[-1.657,0],[0,0],[0,-1.657],[1.657,0],[0,0]]}],"i":{"x":[1],"y":[1]},"o":{"x":[0],"y":[0]}},{"t":120,"s":[{"c":false,"v":[[3,-17],[3,17],[0,20],[-3,17],[-3,-17],[0,-20],[3,-17]],"i":[[0,-1.657],[0,0],[1.657,0],[0,1.657],[0,0],[-1.657,0],[0,-1.657]],"o":[[0,0],[0,1.657],[-1.657,0],[0,0],[0,-1.657],[1.657,0],[0,0]]}],"i":{"x":[1],"y":[1]},"o":{"x":[0],"y":[0]}},{"t":144,"s":[{"c":false,"v":[[3,-2],[3,7.25],[0,10.25],[-3,7.25],[-3,-2],[0,-5],[3,-2]],"i":[[0,-1.657],[0,0],[1.657,0],[0,1.657],[0,0],[-1.657,0],[0,-1.657]],"o":[[0,0],[0,1.657],[-1.657,0],[0,0],[0,-1.657],[1.657,0],[0,0]]}],"i":{"x":[1],"y":[1]},"o":{"x":[0],"y":[0]}}],"ix":2}},{"ty":"fl","c":{"a":1,"k":[{"t":0,"s":[0.0196078431372549,0.9215686274509803,1],"i":{"x":[1],"y":[1]},"o":{"x":[0],"y":[0]}},{"t":3,"s":[0.0196078431372549,0.9215686274509803,1],"i":{"x":[1],"y":[1]},"o":{"x":[0],"y":[0]}},{"t":24,"s":[0.0196078431372549,0.9215686274509803,1],"i":{"x":[1],"y":[1]},"o":{"x":[0],"y":[0]}},{"t":36,"s":[0.0196078431372549,0.9215686274509803,1],"i":{"x":[1],"y":[1]},"o":{"x":[0],"y":[0]}},{"t":39,"s":[0.0196078431372549,0.9215686274509803,1],"i":{"x":[1],"y":[1]},"o":{"x":[0],"y":[0]}},{"t":72,"s":[0.0196078431372549,0.9215686274509803,1],"i":{"x":[1],"y":[1]},"o":{"x":[0],"y":[0]}},{"t":96,"s":[0.0196078431372549,0.9215686274509803,1],"i":{"x":[1],"y":[1]},"o":{"x":[0],"y":[0]}},{"t":98,"s":[0.0196078431372549,0.9215686274509803,1],"i":{"x":[1],"y":[1]},"o":{"x":[0],"y":[0]}},{"t":99,"s":[0.0196078431372549,0.9215686274509803,1],"i":{"x":[1],"y":[1]},"o":{"x":[0],"y":[0]}},{"t":103,"s":[0.0196078431372549,0.9215686274509803,1],"i":{"x":[1],"y":[1]},"o":{"x":[0],"y":[0]}},{"t":104,"s":[0.0196078431372549,0.9215686274509803,1],"i":{"x":[1],"y":[1]},"o":{"x":[0],"y":[0]}},{"t":108,"s":[0.0196078431372549,0.9215686274509803,1],"i":{"x":[1],"y":[1]},"o":{"x":[0],"y":[0]}},{"t":111,"s":[0.0196078431372549,0.9215686274509803,1],"i":{"x":[1],"y":[1]},"o":{"x":[0],"y":[0]}},{"t":114,"s":[0.0196078431372549,0.9215686274509803,1],"i":{"x":[1],"y":[1]},"o":{"x":[0],"y":[0]}},{"t":116,"s":[0.0196078431372549,0.9215686274509803,1],"i":{"x":[1],"y":[1]},"o":{"x":[0],"y":[0]}},{"t":118,"s":[0.0196078431372549,0.9215686274509803,1],"i":{"x":[1],"y":[1]},"o":{"x":[0],"y":[0]}},{"t":119,"s":[0.0196078431372549,0.9215686274509803,1],"i":{"x":[1],"y":[1]},"o":{"x":[0],"y":[0]}},{"t":120,"s":[0.0196078431372549,0.9215686274509803,1],"i":{"x":[1],"y":[1]},"o":{"x":[0],"y":[0]}},{"t":123,"s":[0.0196078431372549,0.9215686274509803,1],"i":{"x":[1],"y":[1]},"o":{"x":[0],"y":[0]}},{"t":124,"s":[0.0196078431372549,0.9215686274509803,1],"i":{"x":[1],"y":[1]},"o":{"x":[0],"y":[0]}},{"t":128,"s":[0.0196078431372549,0.9215686274509803,1],"i":{"x":[1],"y":[1]},"o":{"x":[0],"y":[0]}},{"t":131,"s":[0.0196078431372549,0.9215686274509803,1],"i":{"x":[1],"y":[1]},"o":{"x":[0],"y":[0]}},{"t":133,"s":[0.0196078431372549,0.9215686274509803,1],"i":{"x":[1],"y":[1]},"o":{"x":[0],"y":[0]}},{"t":136,"s":[0.0196078431372549,0.9215686274509803,1],"i":{"x":[1],"y":[1]},"o":{"x":[0],"y":[0]}},{"t":138,"s":[0.0196078431372549,0.9215686274509803,1],"i":{"x":[1],"y":[1]},"o":{"x":[0],"y":[0]}},{"t":141,"s":[0.0196078431372549,0.9215686274509803,1],"i":{"x":[1],"y":[1]},"o":{"x":[0],"y":[0]}},{"t":143,"s":[0.0196078431372549,0.9215686274509803,1],"i":{"x":[1],"y":[1]},"o":{"x":[0],"y":[0]}},{"t":144,"s":[0.0196078431372549,0.9215686274509803,1],"i":{"x":[1],"y":[1]},"o":{"x":[0],"y":[0]}}],"ix":2},"o":{"a":0,"k":100,"ix":2},"r":1,"bm":0,"nm":"Fill 1","mn":"ADBE Vector Graphic - Fill","hd":false},{"ty":"tm","s":{"a":0,"k":0,"ix":2},"e":{"a":0,"k":100,"ix":2},"o":{"a":0,"k":0,"ix":2},"m":1,"hd":false},{"ty":"tr","hd":false,"p":{"a":0,"k":[130.9329986572266,75],"ix":2},"a":{"a":0,"k":[0,0],"ix":2},"s":{"a":0,"k":[100,100],"ix":2},"r":{"a":0,"k":0,"ix":2},"o":{"a":0,"k":100,"ix":2},"sk":{"a":0,"k":0,"ix":2},"sa":{"a":0,"k":0,"ix":2}}]}],"ip":0,"op":144,"st":0,"bm":0}]},{"id":"2","layers":[{"ddd":0,"ind":6,"ty":4,"nm":"矩形 1","sr":1,"ks":{"o":{"a":0,"k":100,"ix":2},"r":{"a":0,"k":0,"ix":2},"p":{"a":0,"k":[10000,10000],"ix":2},"a":{"a":0,"k":[0,0],"ix":2},"s":{"a":0,"k":[100,100],"ix":2}},"ao":0,"hd":false,"shapes":[{"ty":"gr","hd":false,"it":[{"ty":"sh","hd":false,"d":1,"ks":{"a":1,"k":[{"t":0,"s":[{"c":false,"v":[[3,-17],[3,17],[0,20],[-3,17],[-3,-17],[0,-20],[3,-17]],"i":[[0,-1.657],[0,0],[1.657,0],[0,1.657],[0,0],[-1.657,0],[0,-1.657]],"o":[[0,0],[0,1.657],[-1.657,0],[0,0],[0,-1.657],[1.657,0],[0,0]]}],"i":{"x":[1],"y":[1]},"o":{"x":[0],"y":[0]}},{"t":24,"s":[{"c":false,"v":[[3,-2],[3,7.25],[0,10.25],[-3,7.25],[-3,-2],[0,-5],[3,-2]],"i":[[0,-1.657],[0,0],[1.657,0],[0,1.657],[0,0],[-1.657,0],[0,-1.657]],"o":[[0,0],[0,1.657],[-1.657,0],[0,0],[0,-1.657],[1.657,0],[0,0]]}],"i":{"x":[1],"y":[1]},"o":{"x":[0],"y":[0]}},{"t":48,"s":[{"c":false,"v":[[3,-17],[3,17],[0,20],[-3,17],[-3,-17],[0,-20],[3,-17]],"i":[[0,-1.657],[0,0],[1.657,0],[0,1.657],[0,0],[-1.657,0],[0,-1.657]],"o":[[0,0],[0,1.657],[-1.657,0],[0,0],[0,-1.657],[1.657,0],[0,0]]}],"i":{"x":[1],"y":[1]},"o":{"x":[0],"y":[0]}},{"t":72,"s":[{"c":false,"v":[[3,-34.25],[3,30],[0,33],[-3,30],[-3,-34.25],[0,-37.25],[3,-34.25]],"i":[[0,-1.657],[0,0],[1.657,0],[0,1.657],[0,0],[-1.657,0],[0,-1.657]],"o":[[0,0],[0,1.657],[-1.657,0],[0,0],[0,-1.657],[1.657,0],[0,0]]}],"i":{"x":[1],"y":[1]},"o":{"x":[0],"y":[0]}},{"t":96,"s":[{"c":false,"v":[[3,-17],[3,17],[0,20],[-3,17],[-3,-17],[0,-20],[3,-17]],"i":[[0,-1.657],[0,0],[1.657,0],[0,1.657],[0,0],[-1.657,0],[0,-1.657]],"o":[[0,0],[0,1.657],[-1.657,0],[0,0],[0,-1.657],[1.657,0],[0,0]]}],"i":{"x":[1],"y":[1]},"o":{"x":[0],"y":[0]}},{"t":120,"s":[{"c":false,"v":[[3,-2],[3,7.25],[0,10.25],[-3,7.25],[-3,-2],[0,-5],[3,-2]],"i":[[0,-1.657],[0,0],[1.657,0],[0,1.657],[0,0],[-1.657,0],[0,-1.657]],"o":[[0,0],[0,1.657],[-1.657,0],[0,0],[0,-1.657],[1.657,0],[0,0]]}],"i":{"x":[1],"y":[1]},"o":{"x":[0],"y":[0]}},{"t":144,"s":[{"c":false,"v":[[3,-17],[3,17],[0,20],[-3,17],[-3,-17],[0,-20],[3,-17]],"i":[[0,-1.657],[0,0],[1.657,0],[0,1.657],[0,0],[-1.657,0],[0,-1.657]],"o":[[0,0],[0,1.657],[-1.657,0],[0,0],[0,-1.657],[1.657,0],[0,0]]}],"i":{"x":[1],"y":[1]},"o":{"x":[0],"y":[0]}}],"ix":2}},{"ty":"fl","c":{"a":1,"k":[{"t":0,"s":[0.0196078431372549,0.9215686274509803,1],"i":{"x":[1],"y":[1]},"o":{"x":[0],"y":[0]}},{"t":3,"s":[0.0196078431372549,0.9215686274509803,1],"i":{"x":[1],"y":[1]},"o":{"x":[0],"y":[0]}},{"t":24,"s":[0.0196078431372549,0.9215686274509803,1],"i":{"x":[1],"y":[1]},"o":{"x":[0],"y":[0]}},{"t":36,"s":[0.0196078431372549,0.9215686274509803,1],"i":{"x":[1],"y":[1]},"o":{"x":[0],"y":[0]}},{"t":39,"s":[0.0196078431372549,0.9215686274509803,1],"i":{"x":[1],"y":[1]},"o":{"x":[0],"y":[0]}},{"t":72,"s":[0.0196078431372549,0.9215686274509803,1],"i":{"x":[1],"y":[1]},"o":{"x":[0],"y":[0]}},{"t":96,"s":[0.0196078431372549,0.9215686274509803,1],"i":{"x":[1],"y":[1]},"o":{"x":[0],"y":[0]}},{"t":98,"s":[0.0196078431372549,0.9215686274509803,1],"i":{"x":[1],"y":[1]},"o":{"x":[0],"y":[0]}},{"t":99,"s":[0.0196078431372549,0.9215686274509803,1],"i":{"x":[1],"y":[1]},"o":{"x":[0],"y":[0]}},{"t":103,"s":[0.0196078431372549,0.9215686274509803,1],"i":{"x":[1],"y":[1]},"o":{"x":[0],"y":[0]}},{"t":104,"s":[0.0196078431372549,0.9215686274509803,1],"i":{"x":[1],"y":[1]},"o":{"x":[0],"y":[0]}},{"t":108,"s":[0.0196078431372549,0.9215686274509803,1],"i":{"x":[1],"y":[1]},"o":{"x":[0],"y":[0]}},{"t":111,"s":[0.0196078431372549,0.9215686274509803,1],"i":{"x":[1],"y":[1]},"o":{"x":[0],"y":[0]}},{"t":114,"s":[0.0196078431372549,0.9215686274509803,1],"i":{"x":[1],"y":[1]},"o":{"x":[0],"y":[0]}},{"t":116,"s":[0.0196078431372549,0.9215686274509803,1],"i":{"x":[1],"y":[1]},"o":{"x":[0],"y":[0]}},{"t":118,"s":[0.0196078431372549,0.9215686274509803,1],"i":{"x":[1],"y":[1]},"o":{"x":[0],"y":[0]}},{"t":119,"s":[0.0196078431372549,0.9215686274509803,1],"i":{"x":[1],"y":[1]},"o":{"x":[0],"y":[0]}},{"t":120,"s":[0.0196078431372549,0.9215686274509803,1],"i":{"x":[1],"y":[1]},"o":{"x":[0],"y":[0]}},{"t":123,"s":[0.0196078431372549,0.9215686274509803,1],"i":{"x":[1],"y":[1]},"o":{"x":[0],"y":[0]}},{"t":124,"s":[0.0196078431372549,0.9215686274509803,1],"i":{"x":[1],"y":[1]},"o":{"x":[0],"y":[0]}},{"t":128,"s":[0.0196078431372549,0.9215686274509803,1],"i":{"x":[1],"y":[1]},"o":{"x":[0],"y":[0]}},{"t":131,"s":[0.0196078431372549,0.9215686274509803,1],"i":{"x":[1],"y":[1]},"o":{"x":[0],"y":[0]}},{"t":133,"s":[0.0196078431372549,0.9215686274509803,1],"i":{"x":[1],"y":[1]},"o":{"x":[0],"y":[0]}},{"t":136,"s":[0.0196078431372549,0.9215686274509803,1],"i":{"x":[1],"y":[1]},"o":{"x":[0],"y":[0]}},{"t":138,"s":[0.0196078431372549,0.9215686274509803,1],"i":{"x":[1],"y":[1]},"o":{"x":[0],"y":[0]}},{"t":141,"s":[0.0196078431372549,0.9215686274509803,1],"i":{"x":[1],"y":[1]},"o":{"x":[0],"y":[0]}},{"t":143,"s":[0.0196078431372549,0.9215686274509803,1],"i":{"x":[1],"y":[1]},"o":{"x":[0],"y":[0]}},{"t":144,"s":[0.0196078431372549,0.9215686274509803,1],"i":{"x":[1],"y":[1]},"o":{"x":[0],"y":[0]}}],"ix":2},"o":{"a":0,"k":100,"ix":2},"r":1,"bm":0,"nm":"Fill 1","mn":"ADBE Vector Graphic - Fill","hd":false},{"ty":"tm","s":{"a":0,"k":0,"ix":2},"e":{"a":0,"k":100,"ix":2},"o":{"a":0,"k":0,"ix":2},"m":1,"hd":false},{"ty":"tr","hd":false,"p":{"a":0,"k":[118.9329986572266,75],"ix":2},"a":{"a":0,"k":[0,0],"ix":2},"s":{"a":0,"k":[100,100],"ix":2},"r":{"a":0,"k":0,"ix":2},"o":{"a":0,"k":100,"ix":2},"sk":{"a":0,"k":0,"ix":2},"sa":{"a":0,"k":0,"ix":2}}]}],"ip":0,"op":144,"st":0,"bm":0}]},{"id":"3","layers":[{"ddd":0,"ind":11,"ty":4,"nm":"矩形 1","sr":1,"ks":{"o":{"a":0,"k":100,"ix":2},"r":{"a":0,"k":0,"ix":2},"p":{"a":0,"k":[10000,10000],"ix":2},"a":{"a":0,"k":[0,0],"ix":2},"s":{"a":0,"k":[100,100],"ix":2}},"ao":0,"hd":false,"shapes":[{"ty":"gr","hd":false,"it":[{"ty":"sh","hd":false,"d":1,"ks":{"a":1,"k":[{"t":0,"s":[{"c":false,"v":[[3,-17],[3,17],[0,20],[-3,17],[-3,-17],[0,-20],[3,-17]],"i":[[0,-1.657],[0,0],[1.657,0],[0,1.657],[0,0],[-1.657,0],[0,-1.657]],"o":[[0,0],[0,1.657],[-1.657,0],[0,0],[0,-1.657],[1.657,0],[0,0]]}],"i":{"x":[1],"y":[1]},"o":{"x":[0],"y":[0]}},{"t":24,"s":[{"c":false,"v":[[3,-2],[3,7.25],[0,10.25],[-3,7.25],[-3,-2],[0,-5],[3,-2]],"i":[[0,-1.657],[0,0],[1.657,0],[0,1.657],[0,0],[-1.657,0],[0,-1.657]],"o":[[0,0],[0,1.657],[-1.657,0],[0,0],[0,-1.657],[1.657,0],[0,0]]}],"i":{"x":[1],"y":[1]},"o":{"x":[0],"y":[0]}},{"t":48,"s":[{"c":false,"v":[[3,-17],[3,17],[0,20],[-3,17],[-3,-17],[0,-20],[3,-17]],"i":[[0,-1.657],[0,0],[1.657,0],[0,1.657],[0,0],[-1.657,0],[0,-1.657]],"o":[[0,0],[0,1.657],[-1.657,0],[0,0],[0,-1.657],[1.657,0],[0,0]]}],"i":{"x":[1],"y":[1]},"o":{"x":[0],"y":[0]}},{"t":72,"s":[{"c":false,"v":[[3,-12.5],[3,7.25],[0,10.25],[-3,7.25],[-3,-12.5],[0,-15.5],[3,-12.5]],"i":[[0,-1.657],[0,0],[1.657,0],[0,1.657],[0,0],[-1.657,0],[0,-1.657]],"o":[[0,0],[0,1.657],[-1.657,0],[0,0],[0,-1.657],[1.657,0],[0,0]]}],"i":{"x":[1],"y":[1]},"o":{"x":[0],"y":[0]}},{"t":96,"s":[{"c":false,"v":[[3,-3.5],[3,7.25],[0,10.25],[-3,7.25],[-3,-3.5],[0,-6.5],[3,-3.5]],"i":[[0,-1.657],[0,0],[1.657,0],[0,1.657],[0,0],[-1.657,0],[0,-1.657]],"o":[[0,0],[0,1.657],[-1.657,0],[0,0],[0,-1.657],[1.657,0],[0,0]]}],"i":{"x":[1],"y":[1]},"o":{"x":[0],"y":[0]}},{"t":120,"s":[{"c":false,"v":[[3,-2],[3,7.25],[0,10.25],[-3,7.25],[-3,-2],[0,-5],[3,-2]],"i":[[0,-1.657],[0,0],[1.657,0],[0,1.657],[0,0],[-1.657,0],[0,-1.657]],"o":[[0,0],[0,1.657],[-1.657,0],[0,0],[0,-1.657],[1.657,0],[0,0]]}],"i":{"x":[1],"y":[1]},"o":{"x":[0],"y":[0]}},{"t":144,"s":[{"c":false,"v":[[3,-17],[3,17],[0,20],[-3,17],[-3,-17],[0,-20],[3,-17]],"i":[[0,-1.657],[0,0],[1.657,0],[0,1.657],[0,0],[-1.657,0],[0,-1.657]],"o":[[0,0],[0,1.657],[-1.657,0],[0,0],[0,-1.657],[1.657,0],[0,0]]}],"i":{"x":[1],"y":[1]},"o":{"x":[0],"y":[0]}}],"ix":2}},{"ty":"fl","c":{"a":1,"k":[{"t":0,"s":[0.0196078431372549,0.9215686274509803,1],"i":{"x":[1],"y":[1]},"o":{"x":[0],"y":[0]}},{"t":3,"s":[0.0196078431372549,0.9215686274509803,1],"i":{"x":[1],"y":[1]},"o":{"x":[0],"y":[0]}},{"t":24,"s":[0.0196078431372549,0.9215686274509803,1],"i":{"x":[1],"y":[1]},"o":{"x":[0],"y":[0]}},{"t":36,"s":[0.0196078431372549,0.9215686274509803,1],"i":{"x":[1],"y":[1]},"o":{"x":[0],"y":[0]}},{"t":39,"s":[0.0196078431372549,0.9215686274509803,1],"i":{"x":[1],"y":[1]},"o":{"x":[0],"y":[0]}},{"t":72,"s":[0.0196078431372549,0.9215686274509803,1],"i":{"x":[1],"y":[1]},"o":{"x":[0],"y":[0]}},{"t":96,"s":[0.0196078431372549,0.9215686274509803,1],"i":{"x":[1],"y":[1]},"o":{"x":[0],"y":[0]}},{"t":98,"s":[0.0196078431372549,0.9215686274509803,1],"i":{"x":[1],"y":[1]},"o":{"x":[0],"y":[0]}},{"t":99,"s":[0.0196078431372549,0.9215686274509803,1],"i":{"x":[1],"y":[1]},"o":{"x":[0],"y":[0]}},{"t":103,"s":[0.0196078431372549,0.9215686274509803,1],"i":{"x":[1],"y":[1]},"o":{"x":[0],"y":[0]}},{"t":104,"s":[0.0196078431372549,0.9215686274509803,1],"i":{"x":[1],"y":[1]},"o":{"x":[0],"y":[0]}},{"t":108,"s":[0.0196078431372549,0.9215686274509803,1],"i":{"x":[1],"y":[1]},"o":{"x":[0],"y":[0]}},{"t":111,"s":[0.0196078431372549,0.9215686274509803,1],"i":{"x":[1],"y":[1]},"o":{"x":[0],"y":[0]}},{"t":114,"s":[0.0196078431372549,0.9215686274509803,1],"i":{"x":[1],"y":[1]},"o":{"x":[0],"y":[0]}},{"t":116,"s":[0.0196078431372549,0.9215686274509803,1],"i":{"x":[1],"y":[1]},"o":{"x":[0],"y":[0]}},{"t":118,"s":[0.0196078431372549,0.9215686274509803,1],"i":{"x":[1],"y":[1]},"o":{"x":[0],"y":[0]}},{"t":119,"s":[0.0196078431372549,0.9215686274509803,1],"i":{"x":[1],"y":[1]},"o":{"x":[0],"y":[0]}},{"t":120,"s":[0.0196078431372549,0.9215686274509803,1],"i":{"x":[1],"y":[1]},"o":{"x":[0],"y":[0]}},{"t":123,"s":[0.0196078431372549,0.9215686274509803,1],"i":{"x":[1],"y":[1]},"o":{"x":[0],"y":[0]}},{"t":124,"s":[0.0196078431372549,0.9215686274509803,1],"i":{"x":[1],"y":[1]},"o":{"x":[0],"y":[0]}},{"t":128,"s":[0.0196078431372549,0.9215686274509803,1],"i":{"x":[1],"y":[1]},"o":{"x":[0],"y":[0]}},{"t":131,"s":[0.0196078431372549,0.9215686274509803,1],"i":{"x":[1],"y":[1]},"o":{"x":[0],"y":[0]}},{"t":133,"s":[0.0196078431372549,0.9215686274509803,1],"i":{"x":[1],"y":[1]},"o":{"x":[0],"y":[0]}},{"t":136,"s":[0.0196078431372549,0.9215686274509803,1],"i":{"x":[1],"y":[1]},"o":{"x":[0],"y":[0]}},{"t":138,"s":[0.0196078431372549,0.9215686274509803,1],"i":{"x":[1],"y":[1]},"o":{"x":[0],"y":[0]}},{"t":141,"s":[0.0196078431372549,0.9215686274509803,1],"i":{"x":[1],"y":[1]},"o":{"x":[0],"y":[0]}},{"t":143,"s":[0.0196078431372549,0.9215686274509803,1],"i":{"x":[1],"y":[1]},"o":{"x":[0],"y":[0]}},{"t":144,"s":[0.0196078431372549,0.9215686274509803,1],"i":{"x":[1],"y":[1]},"o":{"x":[0],"y":[0]}}],"ix":2},"o":{"a":0,"k":100,"ix":2},"r":1,"bm":0,"nm":"Fill 1","mn":"ADBE Vector Graphic - Fill","hd":false},{"ty":"tm","s":{"a":0,"k":0,"ix":2},"e":{"a":0,"k":100,"ix":2},"o":{"a":0,"k":0,"ix":2},"m":1,"hd":false},{"ty":"tr","hd":false,"p":{"a":0,"k":[70.80799865722656,75],"ix":2},"a":{"a":0,"k":[0,0],"ix":2},"s":{"a":0,"k":[100,100],"ix":2},"r":{"a":0,"k":0,"ix":2},"o":{"a":0,"k":100,"ix":2},"sk":{"a":0,"k":0,"ix":2},"sa":{"a":0,"k":0,"ix":2}}]}],"ip":0,"op":144,"st":0,"bm":0}]},{"id":"4","layers":[{"ddd":0,"ind":16,"ty":4,"nm":"矩形 1","sr":1,"ks":{"o":{"a":0,"k":100,"ix":2},"r":{"a":0,"k":0,"ix":2},"p":{"a":0,"k":[10000,10000],"ix":2},"a":{"a":0,"k":[0,0],"ix":2},"s":{"a":0,"k":[100,100],"ix":2}},"ao":0,"hd":false,"shapes":[{"ty":"gr","hd":false,"it":[{"ty":"sh","hd":false,"d":1,"ks":{"a":1,"k":[{"t":0,"s":[{"c":false,"v":[[3,-7.25],[3,11.5],[0,14.5],[-3,11.5],[-3,-7.25],[0,-10.25],[3,-7.25]],"i":[[0,-1.657],[0,0],[1.657,0],[0,1.657],[0,0],[-1.657,0],[0,-1.657]],"o":[[0,0],[0,1.657],[-1.657,0],[0,0],[0,-1.657],[1.657,0],[0,0]]}],"i":{"x":[1],"y":[1]},"o":{"x":[0],"y":[0]}},{"t":24,"s":[{"c":false,"v":[[3,-17],[3,17],[0,20],[-3,17],[-3,-17],[0,-20],[3,-17]],"i":[[0,-1.657],[0,0],[1.657,0],[0,1.657],[0,0],[-1.657,0],[0,-1.657]],"o":[[0,0],[0,1.657],[-1.657,0],[0,0],[0,-1.657],[1.657,0],[0,0]]}],"i":{"x":[1],"y":[1]},"o":{"x":[0],"y":[0]}},{"t":48,"s":[{"c":false,"v":[[3,-2],[3,7.25],[0,10.25],[-3,7.25],[-3,-2],[0,-5],[3,-2]],"i":[[0,-1.657],[0,0],[1.657,0],[0,1.657],[0,0],[-1.657,0],[0,-1.657]],"o":[[0,0],[0,1.657],[-1.657,0],[0,0],[0,-1.657],[1.657,0],[0,0]]}],"i":{"x":[1],"y":[1]},"o":{"x":[0],"y":[0]}},{"t":72,"s":[{"c":false,"v":[[3,-24.75],[3,21],[0,24],[-3,21],[-3,-24.75],[0,-27.75],[3,-24.75]],"i":[[0,-1.657],[0,0],[1.657,0],[0,1.657],[0,0],[-1.657,0],[0,-1.657]],"o":[[0,0],[0,1.657],[-1.657,0],[0,0],[0,-1.657],[1.657,0],[0,0]]}],"i":{"x":[1],"y":[1]},"o":{"x":[0],"y":[0]}},{"t":96,"s":[{"c":false,"v":[[3,-17],[3,17],[0,20],[-3,17],[-3,-17],[0,-20],[3,-17]],"i":[[0,-1.657],[0,0],[1.657,0],[0,1.657],[0,0],[-1.657,0],[0,-1.657]],"o":[[0,0],[0,1.657],[-1.657,0],[0,0],[0,-1.657],[1.657,0],[0,0]]}],"i":{"x":[1],"y":[1]},"o":{"x":[0],"y":[0]}},{"t":120,"s":[{"c":false,"v":[[3,-25.25],[3,26],[0,29],[-3,26],[-3,-25.25],[0,-28.25],[3,-25.25]],"i":[[0,-1.657],[0,0],[1.657,0],[0,1.657],[0,0],[-1.657,0],[0,-1.657]],"o":[[0,0],[0,1.657],[-1.657,0],[0,0],[0,-1.657],[1.657,0],[0,0]]}],"i":{"x":[1],"y":[1]},"o":{"x":[0],"y":[0]}},{"t":144,"s":[{"c":false,"v":[[3,-2],[3,7.25],[0,10.25],[-3,7.25],[-3,-2],[0,-5],[3,-2]],"i":[[0,-1.657],[0,0],[1.657,0],[0,1.657],[0,0],[-1.657,0],[0,-1.657]],"o":[[0,0],[0,1.657],[-1.657,0],[0,0],[0,-1.657],[1.657,0],[0,0]]}],"i":{"x":[1],"y":[1]},"o":{"x":[0],"y":[0]}}],"ix":2}},{"ty":"fl","c":{"a":1,"k":[{"t":0,"s":[0.0196078431372549,0.9215686274509803,1],"i":{"x":[1],"y":[1]},"o":{"x":[0],"y":[0]}},{"t":3,"s":[0.0196078431372549,0.9215686274509803,1],"i":{"x":[1],"y":[1]},"o":{"x":[0],"y":[0]}},{"t":24,"s":[0.0196078431372549,0.9215686274509803,1],"i":{"x":[1],"y":[1]},"o":{"x":[0],"y":[0]}},{"t":36,"s":[0.0196078431372549,0.9215686274509803,1],"i":{"x":[1],"y":[1]},"o":{"x":[0],"y":[0]}},{"t":39,"s":[0.0196078431372549,0.9215686274509803,1],"i":{"x":[1],"y":[1]},"o":{"x":[0],"y":[0]}},{"t":72,"s":[0.0196078431372549,0.9215686274509803,1],"i":{"x":[1],"y":[1]},"o":{"x":[0],"y":[0]}},{"t":96,"s":[0.0196078431372549,0.9215686274509803,1],"i":{"x":[1],"y":[1]},"o":{"x":[0],"y":[0]}},{"t":98,"s":[0.0196078431372549,0.9215686274509803,1],"i":{"x":[1],"y":[1]},"o":{"x":[0],"y":[0]}},{"t":99,"s":[0.0196078431372549,0.9215686274509803,1],"i":{"x":[1],"y":[1]},"o":{"x":[0],"y":[0]}},{"t":103,"s":[0.0196078431372549,0.9215686274509803,1],"i":{"x":[1],"y":[1]},"o":{"x":[0],"y":[0]}},{"t":104,"s":[0.0196078431372549,0.9215686274509803,1],"i":{"x":[1],"y":[1]},"o":{"x":[0],"y":[0]}},{"t":108,"s":[0.0196078431372549,0.9215686274509803,1],"i":{"x":[1],"y":[1]},"o":{"x":[0],"y":[0]}},{"t":111,"s":[0.0196078431372549,0.9215686274509803,1],"i":{"x":[1],"y":[1]},"o":{"x":[0],"y":[0]}},{"t":114,"s":[0.0196078431372549,0.9215686274509803,1],"i":{"x":[1],"y":[1]},"o":{"x":[0],"y":[0]}},{"t":116,"s":[0.0196078431372549,0.9215686274509803,1],"i":{"x":[1],"y":[1]},"o":{"x":[0],"y":[0]}},{"t":118,"s":[0.0196078431372549,0.9215686274509803,1],"i":{"x":[1],"y":[1]},"o":{"x":[0],"y":[0]}},{"t":119,"s":[0.0196078431372549,0.9215686274509803,1],"i":{"x":[1],"y":[1]},"o":{"x":[0],"y":[0]}},{"t":120,"s":[0.0196078431372549,0.9215686274509803,1],"i":{"x":[1],"y":[1]},"o":{"x":[0],"y":[0]}},{"t":123,"s":[0.0196078431372549,0.9215686274509803,1],"i":{"x":[1],"y":[1]},"o":{"x":[0],"y":[0]}},{"t":124,"s":[0.0196078431372549,0.9215686274509803,1],"i":{"x":[1],"y":[1]},"o":{"x":[0],"y":[0]}},{"t":128,"s":[0.0196078431372549,0.9215686274509803,1],"i":{"x":[1],"y":[1]},"o":{"x":[0],"y":[0]}},{"t":131,"s":[0.0196078431372549,0.9215686274509803,1],"i":{"x":[1],"y":[1]},"o":{"x":[0],"y":[0]}},{"t":133,"s":[0.0196078431372549,0.9215686274509803,1],"i":{"x":[1],"y":[1]},"o":{"x":[0],"y":[0]}},{"t":136,"s":[0.0196078431372549,0.9215686274509803,1],"i":{"x":[1],"y":[1]},"o":{"x":[0],"y":[0]}},{"t":138,"s":[0.0196078431372549,0.9215686274509803,1],"i":{"x":[1],"y":[1]},"o":{"x":[0],"y":[0]}},{"t":141,"s":[0.0196078431372549,0.9215686274509803,1],"i":{"x":[1],"y":[1]},"o":{"x":[0],"y":[0]}},{"t":143,"s":[0.0196078431372549,0.9215686274509803,1],"i":{"x":[1],"y":[1]},"o":{"x":[0],"y":[0]}},{"t":144,"s":[0.0196078431372549,0.9215686274509803,1],"i":{"x":[1],"y":[1]},"o":{"x":[0],"y":[0]}}],"ix":2},"o":{"a":0,"k":100,"ix":2},"r":1,"bm":0,"nm":"Fill 1","mn":"ADBE Vector Graphic - Fill","hd":false},{"ty":"tm","s":{"a":0,"k":0,"ix":2},"e":{"a":0,"k":100,"ix":2},"o":{"a":0,"k":0,"ix":2},"m":1,"hd":false},{"ty":"tr","hd":false,"p":{"a":0,"k":[106.8079986572266,75],"ix":2},"a":{"a":0,"k":[0,0],"ix":2},"s":{"a":0,"k":[100,100],"ix":2},"r":{"a":0,"k":0,"ix":2},"o":{"a":0,"k":100,"ix":2},"sk":{"a":0,"k":0,"ix":2},"sa":{"a":0,"k":0,"ix":2}}]}],"ip":0,"op":144,"st":0,"bm":0}]},{"id":"5","layers":[{"ddd":0,"ind":21,"ty":4,"nm":"矩形 1","sr":1,"ks":{"o":{"a":0,"k":100,"ix":2},"r":{"a":0,"k":0,"ix":2},"p":{"a":0,"k":[10000,10000],"ix":2},"a":{"a":0,"k":[0,0],"ix":2},"s":{"a":0,"k":[100,100],"ix":2}},"ao":0,"hd":false,"shapes":[{"ty":"gr","hd":false,"it":[{"ty":"sh","hd":false,"d":1,"ks":{"a":1,"k":[{"t":0,"s":[{"c":false,"v":[[2.875,-24.5],[2.875,26],[-0.125,29],[-3.125,26],[-3.125,-24.5],[-0.125,-27.5],[2.875,-24.5]],"i":[[0,-1.657],[0,0],[1.657,0],[0,1.657],[0,0],[-1.657,0],[0,-1.657]],"o":[[0,0],[0,1.657],[-1.657,0],[0,0],[0,-1.657],[1.657,0],[0,0]]}],"i":{"x":[1],"y":[1]},"o":{"x":[0],"y":[0]}},{"t":24,"s":[{"c":false,"v":[[3,-34.25],[3,30],[0,33],[-3,30],[-3,-34.25],[0,-37.25],[3,-34.25]],"i":[[0,-1.657],[0,0],[1.657,0],[0,1.657],[0,0],[-1.657,0],[0,-1.657]],"o":[[0,0],[0,1.657],[-1.657,0],[0,0],[0,-1.657],[1.657,0],[0,0]]}],"i":{"x":[1],"y":[1]},"o":{"x":[0],"y":[0]}},{"t":48,"s":[{"c":false,"v":[[3,-17],[3,17],[0,20],[-3,17],[-3,-17],[0,-20],[3,-17]],"i":[[0,-1.657],[0,0],[1.657,0],[0,1.657],[0,0],[-1.657,0],[0,-1.657]],"o":[[0,0],[0,1.657],[-1.657,0],[0,0],[0,-1.657],[1.657,0],[0,0]]}],"i":{"x":[1],"y":[1]},"o":{"x":[0],"y":[0]}},{"t":72,"s":[{"c":false,"v":[[3,-2],[3,7.25],[0,10.25],[-3,7.25],[-3,-2],[0,-5],[3,-2]],"i":[[0,-1.657],[0,0],[1.657,0],[0,1.657],[0,0],[-1.657,0],[0,-1.657]],"o":[[0,0],[0,1.657],[-1.657,0],[0,0],[0,-1.657],[1.657,0],[0,0]]}],"i":{"x":[1],"y":[1]},"o":{"x":[0],"y":[0]}},{"t":96,"s":[{"c":false,"v":[[2.875,-2.75],[2.875,5],[-0.125,8],[-3.125,5],[-3.125,-2.75],[-0.125,-5.75],[2.875,-2.75]],"i":[[0,-1.657],[0,0],[1.657,0],[0,1.657],[0,0],[-1.657,0],[0,-1.657]],"o":[[0,0],[0,1.657],[-1.657,0],[0,0],[0,-1.657],[1.657,0],[0,0]]}],"i":{"x":[1],"y":[1]},"o":{"x":[0],"y":[0]}},{"t":120,"s":[{"c":false,"v":[[3,-2],[3,7.25],[0,10.25],[-3,7.25],[-3,-2],[0,-5],[3,-2]],"i":[[0,-1.657],[0,0],[1.657,0],[0,1.657],[0,0],[-1.657,0],[0,-1.657]],"o":[[0,0],[0,1.657],[-1.657,0],[0,0],[0,-1.657],[1.657,0],[0,0]]}],"i":{"x":[1],"y":[1]},"o":{"x":[0],"y":[0]}},{"t":144,"s":[{"c":false,"v":[[2.875,-33.25],[2.875,29],[-0.125,32],[-3.125,29],[-3.125,-33.25],[-0.125,-36.25],[2.875,-33.25]],"i":[[0,-1.657],[0,0],[1.657,0],[0,1.657],[0,0],[-1.657,0],[0,-1.657]],"o":[[0,0],[0,1.657],[-1.657,0],[0,0],[0,-1.657],[1.657,0],[0,0]]}],"i":{"x":[1],"y":[1]},"o":{"x":[0],"y":[0]}}],"ix":2}},{"ty":"fl","c":{"a":1,"k":[{"t":0,"s":[0.0196078431372549,0.9215686274509803,1],"i":{"x":[1],"y":[1]},"o":{"x":[0],"y":[0]}},{"t":3,"s":[0.0196078431372549,0.9215686274509803,1],"i":{"x":[1],"y":[1]},"o":{"x":[0],"y":[0]}},{"t":24,"s":[0.0196078431372549,0.9215686274509803,1],"i":{"x":[1],"y":[1]},"o":{"x":[0],"y":[0]}},{"t":36,"s":[0.0196078431372549,0.9215686274509803,1],"i":{"x":[1],"y":[1]},"o":{"x":[0],"y":[0]}},{"t":39,"s":[0.0196078431372549,0.9215686274509803,1],"i":{"x":[1],"y":[1]},"o":{"x":[0],"y":[0]}},{"t":72,"s":[0.0196078431372549,0.9215686274509803,1],"i":{"x":[1],"y":[1]},"o":{"x":[0],"y":[0]}},{"t":96,"s":[0.0196078431372549,0.9215686274509803,1],"i":{"x":[1],"y":[1]},"o":{"x":[0],"y":[0]}},{"t":98,"s":[0.0196078431372549,0.9215686274509803,1],"i":{"x":[1],"y":[1]},"o":{"x":[0],"y":[0]}},{"t":99,"s":[0.0196078431372549,0.9215686274509803,1],"i":{"x":[1],"y":[1]},"o":{"x":[0],"y":[0]}},{"t":103,"s":[0.0196078431372549,0.9215686274509803,1],"i":{"x":[1],"y":[1]},"o":{"x":[0],"y":[0]}},{"t":104,"s":[0.0196078431372549,0.9215686274509803,1],"i":{"x":[1],"y":[1]},"o":{"x":[0],"y":[0]}},{"t":108,"s":[0.0196078431372549,0.9215686274509803,1],"i":{"x":[1],"y":[1]},"o":{"x":[0],"y":[0]}},{"t":111,"s":[0.0196078431372549,0.9215686274509803,1],"i":{"x":[1],"y":[1]},"o":{"x":[0],"y":[0]}},{"t":114,"s":[0.0196078431372549,0.9215686274509803,1],"i":{"x":[1],"y":[1]},"o":{"x":[0],"y":[0]}},{"t":116,"s":[0.0196078431372549,0.9215686274509803,1],"i":{"x":[1],"y":[1]},"o":{"x":[0],"y":[0]}},{"t":118,"s":[0.0196078431372549,0.9215686274509803,1],"i":{"x":[1],"y":[1]},"o":{"x":[0],"y":[0]}},{"t":119,"s":[0.0196078431372549,0.9215686274509803,1],"i":{"x":[1],"y":[1]},"o":{"x":[0],"y":[0]}},{"t":120,"s":[0.0196078431372549,0.9215686274509803,1],"i":{"x":[1],"y":[1]},"o":{"x":[0],"y":[0]}},{"t":123,"s":[0.0196078431372549,0.9215686274509803,1],"i":{"x":[1],"y":[1]},"o":{"x":[0],"y":[0]}},{"t":124,"s":[0.0196078431372549,0.9215686274509803,1],"i":{"x":[1],"y":[1]},"o":{"x":[0],"y":[0]}},{"t":128,"s":[0.0196078431372549,0.9215686274509803,1],"i":{"x":[1],"y":[1]},"o":{"x":[0],"y":[0]}},{"t":131,"s":[0.0196078431372549,0.9215686274509803,1],"i":{"x":[1],"y":[1]},"o":{"x":[0],"y":[0]}},{"t":133,"s":[0.0196078431372549,0.9215686274509803,1],"i":{"x":[1],"y":[1]},"o":{"x":[0],"y":[0]}},{"t":136,"s":[0.0196078431372549,0.9215686274509803,1],"i":{"x":[1],"y":[1]},"o":{"x":[0],"y":[0]}},{"t":138,"s":[0.0196078431372549,0.9215686274509803,1],"i":{"x":[1],"y":[1]},"o":{"x":[0],"y":[0]}},{"t":141,"s":[0.0196078431372549,0.9215686274509803,1],"i":{"x":[1],"y":[1]},"o":{"x":[0],"y":[0]}},{"t":143,"s":[0.0196078431372549,0.9215686274509803,1],"i":{"x":[1],"y":[1]},"o":{"x":[0],"y":[0]}},{"t":144,"s":[0.0196078431372549,0.9215686274509803,1],"i":{"x":[1],"y":[1]},"o":{"x":[0],"y":[0]}}],"ix":2},"o":{"a":0,"k":100,"ix":2},"r":1,"bm":0,"nm":"Fill 1","mn":"ADBE Vector Graphic - Fill","hd":false},{"ty":"tm","s":{"a":0,"k":0,"ix":2},"e":{"a":0,"k":100,"ix":2},"o":{"a":0,"k":0,"ix":2},"m":1,"hd":false},{"ty":"tr","hd":false,"p":{"a":0,"k":[94.93299865722656,75],"ix":2},"a":{"a":0,"k":[0,0],"ix":2},"s":{"a":0,"k":[100,100],"ix":2},"r":{"a":0,"k":0,"ix":2},"o":{"a":0,"k":100,"ix":2},"sk":{"a":0,"k":0,"ix":2},"sa":{"a":0,"k":0,"ix":2}}]}],"ip":0,"op":144,"st":0,"bm":0}]},{"id":"6","layers":[{"ddd":0,"ind":26,"ty":4,"nm":"矩形 1","sr":1,"ks":{"o":{"a":0,"k":100,"ix":2},"r":{"a":0,"k":0,"ix":2},"p":{"a":0,"k":[10000,10000],"ix":2},"a":{"a":0,"k":[0,0],"ix":2},"s":{"a":0,"k":[100,100],"ix":2}},"ao":0,"hd":false,"shapes":[{"ty":"gr","hd":false,"it":[{"ty":"sh","hd":false,"d":1,"ks":{"a":1,"k":[{"t":0,"s":[{"c":false,"v":[[2.875,-8.5],[2.875,12.25],[-0.125,15.25],[-3.125,12.25],[-3.125,-8.5],[-0.125,-11.5],[2.875,-8.5]],"i":[[0,-1.657],[0,0],[1.657,0],[0,1.657],[0,0],[-1.657,0],[0,-1.657]],"o":[[0,0],[0,1.657],[-1.657,0],[0,0],[0,-1.657],[1.657,0],[0,0]]}],"i":{"x":[1],"y":[1]},"o":{"x":[0],"y":[0]}},{"t":24,"s":[{"c":false,"v":[[3,-2],[3,7.25],[0,10.25],[-3,7.25],[-3,-2],[0,-5],[3,-2]],"i":[[0,-1.657],[0,0],[1.657,0],[0,1.657],[0,0],[-1.657,0],[0,-1.657]],"o":[[0,0],[0,1.657],[-1.657,0],[0,0],[0,-1.657],[1.657,0],[0,0]]}],"i":{"x":[1],"y":[1]},"o":{"x":[0],"y":[0]}},{"t":48,"s":[{"c":false,"v":[[2.875,-4.5],[2.875,11.75],[-0.125,14.75],[-3.125,11.75],[-3.125,-4.5],[-0.125,-7.5],[2.875,-4.5]],"i":[[0,-1.657],[0,0],[1.657,0],[0,1.657],[0,0],[-1.657,0],[0,-1.657]],"o":[[0,0],[0,1.657],[-1.657,0],[0,0],[0,-1.657],[1.657,0],[0,0]]}],"i":{"x":[1],"y":[1]},"o":{"x":[0],"y":[0]}},{"t":72,"s":[{"c":false,"v":[[3,-34.25],[3,30],[0,33],[-3,30],[-3,-34.25],[0,-37.25],[3,-34.25]],"i":[[0,-1.657],[0,0],[1.657,0],[0,1.657],[0,0],[-1.657,0],[0,-1.657]],"o":[[0,0],[0,1.657],[-1.657,0],[0,0],[0,-1.657],[1.657,0],[0,0]]}],"i":{"x":[1],"y":[1]},"o":{"x":[0],"y":[0]}},{"t":96,"s":[{"c":false,"v":[[3,-17],[3,17],[0,20],[-3,17],[-3,-17],[0,-20],[3,-17]],"i":[[0,-1.657],[0,0],[1.657,0],[0,1.657],[0,0],[-1.657,0],[0,-1.657]],"o":[[0,0],[0,1.657],[-1.657,0],[0,0],[0,-1.657],[1.657,0],[0,0]]}],"i":{"x":[1],"y":[1]},"o":{"x":[0],"y":[0]}},{"t":120,"s":[{"c":false,"v":[[3,-17],[3,17],[0,20],[-3,17],[-3,-17],[0,-20],[3,-17]],"i":[[0,-1.657],[0,0],[1.657,0],[0,1.657],[0,0],[-1.657,0],[0,-1.657]],"o":[[0,0],[0,1.657],[-1.657,0],[0,0],[0,-1.657],[1.657,0],[0,0]]}],"i":{"x":[1],"y":[1]},"o":{"x":[0],"y":[0]}},{"t":144,"s":[{"c":false,"v":[[3,-2],[3,7.25],[0,10.25],[-3,7.25],[-3,-2],[0,-5],[3,-2]],"i":[[0,-1.657],[0,0],[1.657,0],[0,1.657],[0,0],[-1.657,0],[0,-1.657]],"o":[[0,0],[0,1.657],[-1.657,0],[0,0],[0,-1.657],[1.657,0],[0,0]]}],"i":{"x":[1],"y":[1]},"o":{"x":[0],"y":[0]}}],"ix":2}},{"ty":"fl","c":{"a":1,"k":[{"t":0,"s":[0.0196078431372549,0.9215686274509803,1],"i":{"x":[1],"y":[1]},"o":{"x":[0],"y":[0]}},{"t":3,"s":[0.0196078431372549,0.9215686274509803,1],"i":{"x":[1],"y":[1]},"o":{"x":[0],"y":[0]}},{"t":24,"s":[0.0196078431372549,0.9215686274509803,1],"i":{"x":[1],"y":[1]},"o":{"x":[0],"y":[0]}},{"t":36,"s":[0.0196078431372549,0.9215686274509803,1],"i":{"x":[1],"y":[1]},"o":{"x":[0],"y":[0]}},{"t":39,"s":[0.0196078431372549,0.9215686274509803,1],"i":{"x":[1],"y":[1]},"o":{"x":[0],"y":[0]}},{"t":72,"s":[0.0196078431372549,0.9215686274509803,1],"i":{"x":[1],"y":[1]},"o":{"x":[0],"y":[0]}},{"t":96,"s":[0.0196078431372549,0.9215686274509803,1],"i":{"x":[1],"y":[1]},"o":{"x":[0],"y":[0]}},{"t":98,"s":[0.0196078431372549,0.9215686274509803,1],"i":{"x":[1],"y":[1]},"o":{"x":[0],"y":[0]}},{"t":99,"s":[0.0196078431372549,0.9215686274509803,1],"i":{"x":[1],"y":[1]},"o":{"x":[0],"y":[0]}},{"t":103,"s":[0.0196078431372549,0.9215686274509803,1],"i":{"x":[1],"y":[1]},"o":{"x":[0],"y":[0]}},{"t":104,"s":[0.0196078431372549,0.9215686274509803,1],"i":{"x":[1],"y":[1]},"o":{"x":[0],"y":[0]}},{"t":108,"s":[0.0196078431372549,0.9215686274509803,1],"i":{"x":[1],"y":[1]},"o":{"x":[0],"y":[0]}},{"t":111,"s":[0.0196078431372549,0.9215686274509803,1],"i":{"x":[1],"y":[1]},"o":{"x":[0],"y":[0]}},{"t":114,"s":[0.0196078431372549,0.9215686274509803,1],"i":{"x":[1],"y":[1]},"o":{"x":[0],"y":[0]}},{"t":116,"s":[0.0196078431372549,0.9215686274509803,1],"i":{"x":[1],"y":[1]},"o":{"x":[0],"y":[0]}},{"t":118,"s":[0.0196078431372549,0.9215686274509803,1],"i":{"x":[1],"y":[1]},"o":{"x":[0],"y":[0]}},{"t":119,"s":[0.0196078431372549,0.9215686274509803,1],"i":{"x":[1],"y":[1]},"o":{"x":[0],"y":[0]}},{"t":120,"s":[0.0196078431372549,0.9215686274509803,1],"i":{"x":[1],"y":[1]},"o":{"x":[0],"y":[0]}},{"t":123,"s":[0.0196078431372549,0.9215686274509803,1],"i":{"x":[1],"y":[1]},"o":{"x":[0],"y":[0]}},{"t":124,"s":[0.0196078431372549,0.9215686274509803,1],"i":{"x":[1],"y":[1]},"o":{"x":[0],"y":[0]}},{"t":128,"s":[0.0196078431372549,0.9215686274509803,1],"i":{"x":[1],"y":[1]},"o":{"x":[0],"y":[0]}},{"t":131,"s":[0.0196078431372549,0.9215686274509803,1],"i":{"x":[1],"y":[1]},"o":{"x":[0],"y":[0]}},{"t":133,"s":[0.0196078431372549,0.9215686274509803,1],"i":{"x":[1],"y":[1]},"o":{"x":[0],"y":[0]}},{"t":136,"s":[0.0196078431372549,0.9215686274509803,1],"i":{"x":[1],"y":[1]},"o":{"x":[0],"y":[0]}},{"t":138,"s":[0.0196078431372549,0.9215686274509803,1],"i":{"x":[1],"y":[1]},"o":{"x":[0],"y":[0]}},{"t":141,"s":[0.0196078431372549,0.9215686274509803,1],"i":{"x":[1],"y":[1]},"o":{"x":[0],"y":[0]}},{"t":143,"s":[0.0196078431372549,0.9215686274509803,1],"i":{"x":[1],"y":[1]},"o":{"x":[0],"y":[0]}},{"t":144,"s":[0.0196078431372549,0.9215686274509803,1],"i":{"x":[1],"y":[1]},"o":{"x":[0],"y":[0]}}],"ix":2},"o":{"a":0,"k":100,"ix":2},"r":1,"bm":0,"nm":"Fill 1","mn":"ADBE Vector Graphic - Fill","hd":false},{"ty":"tm","s":{"a":0,"k":0,"ix":2},"e":{"a":0,"k":100,"ix":2},"o":{"a":0,"k":0,"ix":2},"m":1,"hd":false},{"ty":"tr","hd":false,"p":{"a":0,"k":[82.93299865722656,75],"ix":2},"a":{"a":0,"k":[0,0],"ix":2},"s":{"a":0,"k":[100,100],"ix":2},"r":{"a":0,"k":0,"ix":2},"o":{"a":0,"k":100,"ix":2},"sk":{"a":0,"k":0,"ix":2},"sa":{"a":0,"k":0,"ix":2}}]}],"ip":0,"op":144,"st":0,"bm":0}]}],"layers":[{"ddd":0,"ind":2,"ty":3,"nm":"","sr":1,"ks":{"o":{"a":0,"k":100,"ix":2},"r":{"a":0,"k":0,"ix":2},"p":{"a":0,"k":[0,0],"ix":2},"a":{"a":0,"k":[0,0],"ix":2},"s":{"a":0,"k":[100,100],"ix":2}},"ao":0,"ip":0,"op":144,"st":0,"bm":0,"hd":false},{"ddd":0,"ind":4,"ty":3,"nm":"","sr":1,"ks":{"o":{"a":0,"k":100,"ix":2},"r":{"a":0,"k":45,"ix":2},"p":{"a":0,"k":[0,0],"ix":2},"a":{"a":0,"k":[0,0],"ix":2},"s":{"a":0,"k":[100,100],"ix":2}},"ao":0,"ip":0,"op":144,"st":0,"bm":0,"hd":false,"parent":2},{"ddd":0,"ind":3,"ty":3,"nm":"","sr":1,"ks":{"o":{"a":0,"k":100,"ix":2},"r":{"a":0,"k":0,"ix":2},"p":{"a":0,"k":[0,0],"ix":2},"a":{"a":0,"k":[0,0],"ix":2},"s":{"a":0,"k":[100,100],"ix":2}},"ao":0,"ip":0,"op":144,"st":0,"bm":0,"hd":false,"parent":4},{"ddd":0,"refId":"1","w":20000,"h":20000,"ind":5,"ty":0,"nm":"形状图层 10","sr":1,"ks":{"o":{"a":1,"k":[{"t":-1,"s":[0],"i":{"x":[1],"y":[1]},"o":{"x":[0],"y":[0]}},{"t":0,"s":[100],"i":{"x":[1],"y":[1]},"o":{"x":[0],"y":[0]}},{"t":399,"s":[100],"i":{"x":[1],"y":[1]},"o":{"x":[0],"y":[0]}},{"t":400,"s":[0],"i":{"x":[1],"y":[1]},"o":{"x":[0],"y":[0]}}],"ix":2},"r":{"a":0,"k":-45,"ix":2},"p":{"a":0,"k":[0,0],"ix":2},"a":{"a":0,"k":[10000,10000],"ix":2},"s":{"a":0,"k":[100,100],"ix":2}},"ao":0,"ip":0,"op":144,"st":0,"bm":0,"hd":false,"parent":3},{"ddd":0,"ind":7,"ty":3,"nm":"","sr":1,"ks":{"o":{"a":0,"k":100,"ix":2},"r":{"a":0,"k":0,"ix":2},"p":{"a":0,"k":[0,0],"ix":2},"a":{"a":0,"k":[0,0],"ix":2},"s":{"a":0,"k":[100,100],"ix":2}},"ao":0,"ip":0,"op":144,"st":0,"bm":0,"hd":false},{"ddd":0,"ind":9,"ty":3,"nm":"","sr":1,"ks":{"o":{"a":0,"k":100,"ix":2},"r":{"a":0,"k":45,"ix":2},"p":{"a":0,"k":[0,0],"ix":2},"a":{"a":0,"k":[0,0],"ix":2},"s":{"a":0,"k":[100,100],"ix":2}},"ao":0,"ip":0,"op":144,"st":0,"bm":0,"hd":false,"parent":7},{"ddd":0,"ind":8,"ty":3,"nm":"","sr":1,"ks":{"o":{"a":0,"k":100,"ix":2},"r":{"a":0,"k":0,"ix":2},"p":{"a":0,"k":[0,0],"ix":2},"a":{"a":0,"k":[0,0],"ix":2},"s":{"a":0,"k":[100,100],"ix":2}},"ao":0,"ip":0,"op":144,"st":0,"bm":0,"hd":false,"parent":9},{"ddd":0,"refId":"2","w":20000,"h":20000,"ind":10,"ty":0,"nm":"形状图层 9","sr":1,"ks":{"o":{"a":1,"k":[{"t":-1,"s":[0],"i":{"x":[1],"y":[1]},"o":{"x":[0],"y":[0]}},{"t":0,"s":[100],"i":{"x":[1],"y":[1]},"o":{"x":[0],"y":[0]}},{"t":399,"s":[100],"i":{"x":[1],"y":[1]},"o":{"x":[0],"y":[0]}},{"t":400,"s":[0],"i":{"x":[1],"y":[1]},"o":{"x":[0],"y":[0]}}],"ix":2},"r":{"a":0,"k":-45,"ix":2},"p":{"a":0,"k":[0,0],"ix":2},"a":{"a":0,"k":[10000,10000],"ix":2},"s":{"a":0,"k":[100,100],"ix":2}},"ao":0,"ip":0,"op":144,"st":0,"bm":0,"hd":false,"parent":8},{"ddd":0,"ind":12,"ty":3,"nm":"","sr":1,"ks":{"o":{"a":0,"k":100,"ix":2},"r":{"a":0,"k":0,"ix":2},"p":{"a":0,"k":[0,0],"ix":2},"a":{"a":0,"k":[0,0],"ix":2},"s":{"a":0,"k":[100,100],"ix":2}},"ao":0,"ip":0,"op":144,"st":0,"bm":0,"hd":false},{"ddd":0,"ind":14,"ty":3,"nm":"","sr":1,"ks":{"o":{"a":0,"k":100,"ix":2},"r":{"a":0,"k":45,"ix":2},"p":{"a":0,"k":[0,0],"ix":2},"a":{"a":0,"k":[0,0],"ix":2},"s":{"a":0,"k":[100,100],"ix":2}},"ao":0,"ip":0,"op":144,"st":0,"bm":0,"hd":false,"parent":12},{"ddd":0,"ind":13,"ty":3,"nm":"","sr":1,"ks":{"o":{"a":0,"k":100,"ix":2},"r":{"a":0,"k":0,"ix":2},"p":{"a":0,"k":[0,0],"ix":2},"a":{"a":0,"k":[0,0],"ix":2},"s":{"a":0,"k":[100,100],"ix":2}},"ao":0,"ip":0,"op":144,"st":0,"bm":0,"hd":false,"parent":14},{"ddd":0,"refId":"3","w":20000,"h":20000,"ind":15,"ty":0,"nm":"形状图层 5","sr":1,"ks":{"o":{"a":1,"k":[{"t":-1,"s":[0],"i":{"x":[1],"y":[1]},"o":{"x":[0],"y":[0]}},{"t":0,"s":[100],"i":{"x":[1],"y":[1]},"o":{"x":[0],"y":[0]}},{"t":399,"s":[100],"i":{"x":[1],"y":[1]},"o":{"x":[0],"y":[0]}},{"t":400,"s":[0],"i":{"x":[1],"y":[1]},"o":{"x":[0],"y":[0]}}],"ix":2},"r":{"a":0,"k":-45,"ix":2},"p":{"a":0,"k":[0,0],"ix":2},"a":{"a":0,"k":[10000,10000],"ix":2},"s":{"a":0,"k":[100,100],"ix":2}},"ao":0,"ip":0,"op":144,"st":0,"bm":0,"hd":false,"parent":13},{"ddd":0,"ind":17,"ty":3,"nm":"","sr":1,"ks":{"o":{"a":0,"k":100,"ix":2},"r":{"a":0,"k":0,"ix":2},"p":{"a":0,"k":[0,0],"ix":2},"a":{"a":0,"k":[0,0],"ix":2},"s":{"a":0,"k":[100,100],"ix":2}},"ao":0,"ip":0,"op":144,"st":0,"bm":0,"hd":false},{"ddd":0,"ind":19,"ty":3,"nm":"","sr":1,"ks":{"o":{"a":0,"k":100,"ix":2},"r":{"a":0,"k":45,"ix":2},"p":{"a":0,"k":[0,0],"ix":2},"a":{"a":0,"k":[0,0],"ix":2},"s":{"a":0,"k":[100,100],"ix":2}},"ao":0,"ip":0,"op":144,"st":0,"bm":0,"hd":false,"parent":17},{"ddd":0,"ind":18,"ty":3,"nm":"","sr":1,"ks":{"o":{"a":0,"k":100,"ix":2},"r":{"a":0,"k":0,"ix":2},"p":{"a":0,"k":[0,0],"ix":2},"a":{"a":0,"k":[0,0],"ix":2},"s":{"a":0,"k":[100,100],"ix":2}},"ao":0,"ip":0,"op":144,"st":0,"bm":0,"hd":false,"parent":19},{"ddd":0,"refId":"4","w":20000,"h":20000,"ind":20,"ty":0,"nm":"形状图层 17","sr":1,"ks":{"o":{"a":1,"k":[{"t":-1,"s":[0],"i":{"x":[1],"y":[1]},"o":{"x":[0],"y":[0]}},{"t":0,"s":[100],"i":{"x":[1],"y":[1]},"o":{"x":[0],"y":[0]}},{"t":399,"s":[100],"i":{"x":[1],"y":[1]},"o":{"x":[0],"y":[0]}},{"t":400,"s":[0],"i":{"x":[1],"y":[1]},"o":{"x":[0],"y":[0]}}],"ix":2},"r":{"a":0,"k":-45,"ix":2},"p":{"a":0,"k":[0,0],"ix":2},"a":{"a":0,"k":[10000,10000],"ix":2},"s":{"a":0,"k":[100,100],"ix":2}},"ao":0,"ip":0,"op":144,"st":0,"bm":0,"hd":false,"parent":18},{"ddd":0,"ind":22,"ty":3,"nm":"","sr":1,"ks":{"o":{"a":0,"k":100,"ix":2},"r":{"a":0,"k":0,"ix":2},"p":{"a":0,"k":[0,0],"ix":2},"a":{"a":0,"k":[0,0],"ix":2},"s":{"a":0,"k":[100,100],"ix":2}},"ao":0,"ip":0,"op":144,"st":0,"bm":0,"hd":false},{"ddd":0,"ind":24,"ty":3,"nm":"","sr":1,"ks":{"o":{"a":0,"k":100,"ix":2},"r":{"a":0,"k":45,"ix":2},"p":{"a":0,"k":[0,0],"ix":2},"a":{"a":0,"k":[0,0],"ix":2},"s":{"a":0,"k":[100,100],"ix":2}},"ao":0,"ip":0,"op":144,"st":0,"bm":0,"hd":false,"parent":22},{"ddd":0,"ind":23,"ty":3,"nm":"","sr":1,"ks":{"o":{"a":0,"k":100,"ix":2},"r":{"a":0,"k":0,"ix":2},"p":{"a":0,"k":[0,0],"ix":2},"a":{"a":0,"k":[0,0],"ix":2},"s":{"a":0,"k":[100,100],"ix":2}},"ao":0,"ip":0,"op":144,"st":0,"bm":0,"hd":false,"parent":24},{"ddd":0,"refId":"5","w":20000,"h":20000,"ind":25,"ty":0,"nm":"形状图层 16","sr":1,"ks":{"o":{"a":1,"k":[{"t":-1,"s":[0],"i":{"x":[1],"y":[1]},"o":{"x":[0],"y":[0]}},{"t":0,"s":[100],"i":{"x":[1],"y":[1]},"o":{"x":[0],"y":[0]}},{"t":399,"s":[100],"i":{"x":[1],"y":[1]},"o":{"x":[0],"y":[0]}},{"t":400,"s":[0],"i":{"x":[1],"y":[1]},"o":{"x":[0],"y":[0]}}],"ix":2},"r":{"a":0,"k":-45,"ix":2},"p":{"a":0,"k":[0,0],"ix":2},"a":{"a":0,"k":[10000,10000],"ix":2},"s":{"a":0,"k":[100,100],"ix":2}},"ao":0,"ip":0,"op":144,"st":0,"bm":0,"hd":false,"parent":23},{"ddd":0,"ind":27,"ty":3,"nm":"","sr":1,"ks":{"o":{"a":0,"k":100,"ix":2},"r":{"a":0,"k":0,"ix":2},"p":{"a":0,"k":[0,0],"ix":2},"a":{"a":0,"k":[0,0],"ix":2},"s":{"a":0,"k":[100,100],"ix":2}},"ao":0,"ip":0,"op":144,"st":0,"bm":0,"hd":false},{"ddd":0,"ind":29,"ty":3,"nm":"","sr":1,"ks":{"o":{"a":0,"k":100,"ix":2},"r":{"a":0,"k":45,"ix":2},"p":{"a":0,"k":[0,0],"ix":2},"a":{"a":0,"k":[0,0],"ix":2},"s":{"a":0,"k":[100,100],"ix":2}},"ao":0,"ip":0,"op":144,"st":0,"bm":0,"hd":false,"parent":27},{"ddd":0,"ind":28,"ty":3,"nm":"","sr":1,"ks":{"o":{"a":0,"k":100,"ix":2},"r":{"a":0,"k":0,"ix":2},"p":{"a":0,"k":[0,0],"ix":2},"a":{"a":0,"k":[0,0],"ix":2},"s":{"a":0,"k":[100,100],"ix":2}},"ao":0,"ip":0,"op":144,"st":0,"bm":0,"hd":false,"parent":29},{"ddd":0,"refId":"6","w":20000,"h":20000,"ind":30,"ty":0,"nm":"形状图层 15","sr":1,"ks":{"o":{"a":1,"k":[{"t":-1,"s":[0],"i":{"x":[1],"y":[1]},"o":{"x":[0],"y":[0]}},{"t":0,"s":[100],"i":{"x":[1],"y":[1]},"o":{"x":[0],"y":[0]}},{"t":399,"s":[100],"i":{"x":[1],"y":[1]},"o":{"x":[0],"y":[0]}},{"t":400,"s":[0],"i":{"x":[1],"y":[1]},"o":{"x":[0],"y":[0]}}],"ix":2},"r":{"a":0,"k":-45,"ix":2},"p":{"a":0,"k":[0,0],"ix":2},"a":{"a":0,"k":[10000,10000],"ix":2},"s":{"a":0,"k":[100,100],"ix":2}},"ao":0,"ip":0,"op":144,"st":0,"bm":0,"hd":false,"parent":28}],"markers":[]}