{
  "formatVersion": 1,
  "database": {
    "version": 2,
    "identityHash": "14d2c65b6b4198551803f29f8a2e910b",
    "entities": [
      {
        "tableName": "search_history",
        "createSql": "CREATE TABLE IF NOT EXISTS `${TABLE_NAME}` (`query` TEXT NOT NULL, PRIMARY KEY(`query`))",
        "fields": [
          {
            "fieldPath": "query",
            "columnName": "query",
            "affinity": "TEXT",
            "notNull": true
          }
        ],
        "primaryKey": {
          "autoGenerate": false,
          "columnNames": [
            "query"
          ]
        },
        "indices": [],
        "foreignKeys": []
      },
      {
        "tableName": "song",
        "createSql": "CREATE TABLE IF NOT EXISTS `${TABLE_NAME}` (`videoId` TEXT NOT NULL, `albumId` TEXT, `albumName` TEXT, `artistId` TEXT, `artistName` TEXT, `duration` TEXT NOT NULL, `durationSeconds` INTEGER NOT NULL, `isAvailable` INTEGER NOT NULL, `isExplicit` INTEGER NOT NULL, `likeStatus` TEXT NOT NULL, `thumbnails` TEXT, `title` TEXT NOT NULL, `videoType` TEXT NOT NULL, `category` TEXT, `resultType` TEXT, `liked` INTEGER NOT NULL, `totalPlayTime` INTEGER NOT NULL, `downloadState` INTEGER NOT NULL, `inLibrary` INTEGER NOT NULL, PRIMARY KEY(`videoId`))",
        "fields": [
          {
            "fieldPath": "videoId",
            "columnName": "videoId",
            "affinity": "TEXT",
            "notNull": true
          },
          {
            "fieldPath": "albumId",
            "columnName": "albumId",
            "affinity": "TEXT",
            "notNull": false
          },
          {
            "fieldPath": "albumName",
            "columnName": "albumName",
            "affinity": "TEXT",
            "notNull": false
          },
          {
            "fieldPath": "artistId",
            "columnName": "artistId",
            "affinity": "TEXT",
            "notNull": false
          },
          {
            "fieldPath": "artistName",
            "columnName": "artistName",
            "affinity": "TEXT",
            "notNull": false
          },
          {
            "fieldPath": "duration",
            "columnName": "duration",
            "affinity": "TEXT",
            "notNull": true
          },
          {
            "fieldPath": "durationSeconds",
            "columnName": "durationSeconds",
            "affinity": "INTEGER",
            "notNull": true
          },
          {
            "fieldPath": "isAvailable",
            "columnName": "isAvailable",
            "affinity": "INTEGER",
            "notNull": true
          },
          {
            "fieldPath": "isExplicit",
            "columnName": "isExplicit",
            "affinity": "INTEGER",
            "notNull": true
          },
          {
            "fieldPath": "likeStatus",
            "columnName": "likeStatus",
            "affinity": "TEXT",
            "notNull": true
          },
          {
            "fieldPath": "thumbnails",
            "columnName": "thumbnails",
            "affinity": "TEXT",
            "notNull": false
          },
          {
            "fieldPath": "title",
            "columnName": "title",
            "affinity": "TEXT",
            "notNull": true
          },
          {
            "fieldPath": "videoType",
            "columnName": "videoType",
            "affinity": "TEXT",
            "notNull": true
          },
          {
            "fieldPath": "category",
            "columnName": "category",
            "affinity": "TEXT",
            "notNull": false
          },
          {
            "fieldPath": "resultType",
            "columnName": "resultType",
            "affinity": "TEXT",
            "notNull": false
          },
          {
            "fieldPath": "liked",
            "columnName": "liked",
            "affinity": "INTEGER",
            "notNull": true
          },
          {
            "fieldPath": "totalPlayTime",
            "columnName": "totalPlayTime",
            "affinity": "INTEGER",
            "notNull": true
          },
          {
            "fieldPath": "downloadState",
            "columnName": "downloadState",
            "affinity": "INTEGER",
            "notNull": true
          },
          {
            "fieldPath": "inLibrary",
            "columnName": "inLibrary",
            "affinity": "INTEGER",
            "notNull": true
          }
        ],
        "primaryKey": {
          "autoGenerate": false,
          "columnNames": [
            "videoId"
          ]
        },
        "indices": [],
        "foreignKeys": []
      },
      {
        "tableName": "artist",
        "createSql": "CREATE TABLE IF NOT EXISTS `${TABLE_NAME}` (`channelId` TEXT NOT NULL, `name` TEXT NOT NULL, `thumbnails` TEXT, `followed` INTEGER NOT NULL, `inLibrary` INTEGER NOT NULL, PRIMARY KEY(`channelId`))",
        "fields": [
          {
            "fieldPath": "channelId",
            "columnName": "channelId",
            "affinity": "TEXT",
            "notNull": true
          },
          {
            "fieldPath": "name",
            "columnName": "name",
            "affinity": "TEXT",
            "notNull": true
          },
          {
            "fieldPath": "thumbnails",
            "columnName": "thumbnails",
            "affinity": "TEXT",
            "notNull": false
          },
          {
            "fieldPath": "followed",
            "columnName": "followed",
            "affinity": "INTEGER",
            "notNull": true
          },
          {
            "fieldPath": "inLibrary",
            "columnName": "inLibrary",
            "affinity": "INTEGER",
            "notNull": true
          }
        ],
        "primaryKey": {
          "autoGenerate": false,
          "columnNames": [
            "channelId"
          ]
        },
        "indices": [],
        "foreignKeys": []
      },
      {
        "tableName": "album",
        "createSql": "CREATE TABLE IF NOT EXISTS `${TABLE_NAME}` (`browseId` TEXT NOT NULL, `artistId` TEXT, `artistName` TEXT, `audioPlaylistId` TEXT NOT NULL, `description` TEXT NOT NULL, `duration` TEXT, `durationSeconds` INTEGER NOT NULL, `thumbnails` TEXT, `title` TEXT NOT NULL, `trackCount` INTEGER NOT NULL, `tracks` TEXT, `type` TEXT NOT NULL, `year` TEXT, `liked` INTEGER NOT NULL, `inLibrary` INTEGER NOT NULL, `downloadState` INTEGER NOT NULL, PRIMARY KEY(`browseId`))",
        "fields": [
          {
            "fieldPath": "browseId",
            "columnName": "browseId",
            "affinity": "TEXT",
            "notNull": true
          },
          {
            "fieldPath": "artistId",
            "columnName": "artistId",
            "affinity": "TEXT",
            "notNull": false
          },
          {
            "fieldPath": "artistName",
            "columnName": "artistName",
            "affinity": "TEXT",
            "notNull": false
          },
          {
            "fieldPath": "audioPlaylistId",
            "columnName": "audioPlaylistId",
            "affinity": "TEXT",
            "notNull": true
          },
          {
            "fieldPath": "description",
            "columnName": "description",
            "affinity": "TEXT",
            "notNull": true
          },
          {
            "fieldPath": "duration",
            "columnName": "duration",
            "affinity": "TEXT",
            "notNull": false
          },
          {
            "fieldPath": "durationSeconds",
            "columnName": "durationSeconds",
            "affinity": "INTEGER",
            "notNull": true
          },
          {
            "fieldPath": "thumbnails",
            "columnName": "thumbnails",
            "affinity": "TEXT",
            "notNull": false
          },
          {
            "fieldPath": "title",
            "columnName": "title",
            "affinity": "TEXT",
            "notNull": true
          },
          {
            "fieldPath": "trackCount",
            "columnName": "trackCount",
            "affinity": "INTEGER",
            "notNull": true
          },
          {
            "fieldPath": "tracks",
            "columnName": "tracks",
            "affinity": "TEXT",
            "notNull": false
          },
          {
            "fieldPath": "type",
            "columnName": "type",
            "affinity": "TEXT",
            "notNull": true
          },
          {
            "fieldPath": "year",
            "columnName": "year",
            "affinity": "TEXT",
            "notNull": false
          },
          {
            "fieldPath": "liked",
            "columnName": "liked",
            "affinity": "INTEGER",
            "notNull": true
          },
          {
            "fieldPath": "inLibrary",
            "columnName": "inLibrary",
            "affinity": "INTEGER",
            "notNull": true
          },
          {
            "fieldPath": "downloadState",
            "columnName": "downloadState",
            "affinity": "INTEGER",
            "notNull": true
          }
        ],
        "primaryKey": {
          "autoGenerate": false,
          "columnNames": [
            "browseId"
          ]
        },
        "indices": [],
        "foreignKeys": []
      },
      {
        "tableName": "playlist",
        "createSql": "CREATE TABLE IF NOT EXISTS `${TABLE_NAME}` (`id` TEXT NOT NULL, `author` TEXT, `description` TEXT NOT NULL, `duration` TEXT NOT NULL, `durationSeconds` INTEGER NOT NULL, `privacy` TEXT NOT NULL, `thumbnails` TEXT NOT NULL, `title` TEXT NOT NULL, `trackCount` INTEGER NOT NULL, `tracks` TEXT, `year` TEXT, `liked` INTEGER NOT NULL, `inLibrary` INTEGER NOT NULL, `downloadState` INTEGER NOT NULL, PRIMARY KEY(`id`))",
        "fields": [
          {
            "fieldPath": "id",
            "columnName": "id",
            "affinity": "TEXT",
            "notNull": true
          },
          {
            "fieldPath": "author",
            "columnName": "author",
            "affinity": "TEXT",
            "notNull": false
          },
          {
            "fieldPath": "description",
            "columnName": "description",
            "affinity": "TEXT",
            "notNull": true
          },
          {
            "fieldPath": "duration",
            "columnName": "duration",
            "affinity": "TEXT",
            "notNull": true
          },
          {
            "fieldPath": "durationSeconds",
            "columnName": "durationSeconds",
            "affinity": "INTEGER",
            "notNull": true
          },
          {
            "fieldPath": "privacy",
            "columnName": "privacy",
            "affinity": "TEXT",
            "notNull": true
          },
          {
            "fieldPath": "thumbnails",
            "columnName": "thumbnails",
            "affinity": "TEXT",
            "notNull": true
          },
          {
            "fieldPath": "title",
            "columnName": "title",
            "affinity": "TEXT",
            "notNull": true
          },
          {
            "fieldPath": "trackCount",
            "columnName": "trackCount",
            "affinity": "INTEGER",
            "notNull": true
          },
          {
            "fieldPath": "tracks",
            "columnName": "tracks",
            "affinity": "TEXT",
            "notNull": false
          },
          {
            "fieldPath": "year",
            "columnName": "year",
            "affinity": "TEXT",
            "notNull": false
          },
          {
            "fieldPath": "liked",
            "columnName": "liked",
            "affinity": "INTEGER",
            "notNull": true
          },
          {
            "fieldPath": "inLibrary",
            "columnName": "inLibrary",
            "affinity": "INTEGER",
            "notNull": true
          },
          {
            "fieldPath": "downloadState",
            "columnName": "downloadState",
            "affinity": "INTEGER",
            "notNull": true
          }
        ],
        "primaryKey": {
          "autoGenerate": false,
          "columnNames": [
            "id"
          ]
        },
        "indices": [],
        "foreignKeys": []
      },
      {
        "tableName": "local_playlist",
        "createSql": "CREATE TABLE IF NOT EXISTS `${TABLE_NAME}` (`id` INTEGER PRIMARY KEY AUTOINCREMENT NOT NULL, `title` TEXT NOT NULL, `thumbnail` TEXT, `inLibrary` INTEGER NOT NULL, `downloadState` INTEGER NOT NULL, `tracks` TEXT)",
        "fields": [
          {
            "fieldPath": "id",
            "columnName": "id",
            "affinity": "INTEGER",
            "notNull": true
          },
          {
            "fieldPath": "title",
            "columnName": "title",
            "affinity": "TEXT",
            "notNull": true
          },
          {
            "fieldPath": "thumbnail",
            "columnName": "thumbnail",
            "affinity": "TEXT",
            "notNull": false
          },
          {
            "fieldPath": "inLibrary",
            "columnName": "inLibrary",
            "affinity": "INTEGER",
            "notNull": true
          },
          {
            "fieldPath": "downloadState",
            "columnName": "downloadState",
            "affinity": "INTEGER",
            "notNull": true
          },
          {
            "fieldPath": "tracks",
            "columnName": "tracks",
            "affinity": "TEXT",
            "notNull": false
          }
        ],
        "primaryKey": {
          "autoGenerate": true,
          "columnNames": [
            "id"
          ]
        },
        "indices": [],
        "foreignKeys": []
      },
      {
        "tableName": "lyrics",
        "createSql": "CREATE TABLE IF NOT EXISTS `${TABLE_NAME}` (`videoId` TEXT NOT NULL, `error` INTEGER NOT NULL, `lines` TEXT, `syncType` TEXT, PRIMARY KEY(`videoId`))",
        "fields": [
          {
            "fieldPath": "videoId",
            "columnName": "videoId",
            "affinity": "TEXT",
            "notNull": true
          },
          {
            "fieldPath": "error",
            "columnName": "error",
            "affinity": "INTEGER",
            "notNull": true
          },
          {
            "fieldPath": "lines",
            "columnName": "lines",
            "affinity": "TEXT",
            "notNull": false
          },
          {
            "fieldPath": "syncType",
            "columnName": "syncType",
            "affinity": "TEXT",
            "notNull": false
          }
        ],
        "primaryKey": {
          "autoGenerate": false,
          "columnNames": [
            "videoId"
          ]
        },
        "indices": [],
        "foreignKeys": []
      },
      {
        "tableName": "format",
        "createSql": "CREATE TABLE IF NOT EXISTS `${TABLE_NAME}` (`videoId` TEXT NOT NULL, `itag` INTEGER, `mimeType` TEXT, `bitrate` INTEGER, `contentLength` INTEGER, `lastModified` INTEGER, `loudnessDb` REAL, `uploader` TEXT, `uploaderId` TEXT, `uploaderSubCount` INTEGER, `uploaderThumbnail` TEXT, PRIMARY KEY(`videoId`))",
        "fields": [
          {
            "fieldPath": "videoId",
            "columnName": "videoId",
            "affinity": "TEXT",
            "notNull": true
          },
          {
            "fieldPath": "itag",
            "columnName": "itag",
            "affinity": "INTEGER",
            "notNull": false
          },
          {
            "fieldPath": "mimeType",
            "columnName": "mimeType",
            "affinity": "TEXT",
            "notNull": false
          },
          {
            "fieldPath": "bitrate",
            "columnName": "bitrate",
            "affinity": "INTEGER",
            "notNull": false
          },
          {
            "fieldPath": "contentLength",
            "columnName": "contentLength",
            "affinity": "INTEGER",
            "notNull": false
          },
          {
            "fieldPath": "lastModified",
            "columnName": "lastModified",
            "affinity": "INTEGER",
            "notNull": false
          },
          {
            "fieldPath": "loudnessDb",
            "columnName": "loudnessDb",
            "affinity": "REAL",
            "notNull": false
          },
          {
            "fieldPath": "uploader",
            "columnName": "uploader",
            "affinity": "TEXT",
            "notNull": false
          },
          {
            "fieldPath": "uploaderId",
            "columnName": "uploaderId",
            "affinity": "TEXT",
            "notNull": false
          },
          {
            "fieldPath": "uploaderSubCount",
            "columnName": "uploaderSubCount",
            "affinity": "INTEGER",
            "notNull": false
          },
          {
            "fieldPath": "uploaderThumbnail",
            "columnName": "uploaderThumbnail",
            "affinity": "TEXT",
            "notNull": false
          }
        ],
        "primaryKey": {
          "autoGenerate": false,
          "columnNames": [
            "videoId"
          ]
        },
        "indices": [],
        "foreignKeys": []
      }
    ],
    "views": [],
    "setupQueries": [
      "CREATE TABLE IF NOT EXISTS room_master_table (id INTEGER PRIMARY KEY,identity_hash TEXT)",
      "INSERT OR REPLACE INTO room_master_table (id,identity_hash) VALUES(42, '14d2c65b6b4198551803f29f8a2e910b')"
    ]
  }
}